identifier,mfcc_0,mfcc_1,mfcc_2,mfcc_3,mfcc_4,mfcc_5,mfcc_6,mfcc_7,mfcc_8,mfcc_9,mfcc_10,mfcc_11,mfcc_12,chroma_0,chroma_1,chroma_2,chroma_3,chroma_4,chroma_5,chroma_6,chroma_7,chroma_8,chroma_9,chroma_10,chroma_11,spectral_contrast_0,spectral_contrast_1,spectral_contrast_2,spectral_contrast_3,spectral_contrast_4,spectral_contrast_5,spectral_contrast_6,zero_crossing_rate,spectral_rolloff,spectral_centroid,rms
vK2bLRNzllXNeyOMudnNSL5cfpG2,-347.74695,42.50066,-3.5417047,2.888123,-10.078894,3.8235013,0.76502085,-1.245408,0.3247775,-3.6915274,1.6005787,2.215981,6.3966956,0.56648105,0.46186417,0.44209805,0.47033927,0.48677236,0.50651485,0.5105607,0.47690004,0.5054234,0.5209201,0.51454926,0.56390417,15.911417460735969,9.4335593762333,13.268408836066376,14.572392713732901,19.415505520866695,16.327875920368832,18.851255178849527,0.06258802816901408,7916.857394366197,3760.720739779064,0.05330279
bjA2KpSxneNskrLBeqi4bqoTDQl2,-438.08948,60.08207,-12.553159,3.8096256,1.3445574,-8.581845,-1.1120491,-12.591388,-12.022196,-3.4001818,-10.918039,-3.5844471,5.6646175,0.3765535,0.40982512,0.37293693,0.3511785,0.4446959,0.44324163,0.40741828,0.47477195,0.469054,0.47801796,0.47211373,0.39344627,17.67290678658996,10.738251770156493,14.0142348131859,16.93612393073889,21.03653239628441,21.945249520322093,28.86138971129363,0.08091672867063492,7507.2172619047615,3863.1675364158355,0.040344395
FSzobvJqOXf0rI6X05cHqOiU9Mu2,-328.00018,131.56352,-77.8271,-26.289635,4.1841187,-23.064356,-5.5739703,-3.407247,-7.2624125,-10.535873,-20.870485,-2.1706622,2.0318959,0.31652007,0.37526548,0.41482115,0.43043604,0.40032533,0.47964433,0.5496734,0.5389083,0.5089308,0.3742948,0.2518641,0.27319574,19.10026608682185,10.893794087508512,12.719630544420893,14.494568958453685,18.49317518350782,23.474133979567217,31.78812653676186,0.08127689932634731,3957.2885479041915,2490.7099566841052,0.119323544
EqDWckxbsETyHUeBLQ8jLtxlhir2,-358.07828,105.7531,4.550392,-1.6624231,-14.764269,4.6725154,-10.619116,-18.483532,-17.696579,-1.5021248,-5.6874866,-9.343211,-2.8162558,0.55705875,0.50717014,0.42575502,0.38624,0.39354342,0.44604272,0.47578865,0.42789462,0.43838593,0.5059532,0.51123834,0.51293886,15.337155544709644,10.387601418643257,12.653531077810385,14.692492728428165,17.98076511754552,17.438661524802455,26.790634427600672,0.089925007091528,7148.111289712557,3579.2427748252608,0.06066224
FGRDO4IBbAejR0WHD5YbkXTCasg2,-339.97177,66.43464,9.701495,12.129751,9.302468,1.9334183,1.0882393,7.936245,-1.5482695,-2.8124197,-17.525616,-0.91403025,-1.7421545,0.5145135,0.47732928,0.49715582,0.4498937,0.3634914,0.3551672,0.39498517,0.44300607,0.4139773,0.4294442,0.4962523,0.53230363,18.306386016208318,10.752994326907494,14.085092942342335,15.475654959286267,17.928474410578737,19.03864431003966,29.16852703268247,0.11484162703804347,12512.136840820312,5203.615389764281,0.055622205
htQzROl26OWQpIYFDzv11F79PLR2,-1131.371,0.0,0.0,0.0,0.0,0.0,0.0,0.0,0.0,0.0,0.0,0.0,0.0,0.0,0.0,0.0,0.0,0.0,0.0,0.0,0.0,0.0,0.0,0.0,0.0,0.0,0.0,0.0,0.0,0.0,0.0,0.0,0.0,0.0,0.0,0.0
pW9mCAeWYiMoM7wW7riLvNRbYDO2,-338.21262,80.63441,-45.295033,4.175539,-7.5528274,-24.289234,6.59565,-10.435157,-14.116757,-7.059596,-22.907715,-4.4450803,9.721311,0.34207785,0.4425351,0.4749016,0.53545034,0.53040725,0.4114815,0.29910108,0.2790804,0.2720634,0.27403408,0.25331977,0.23026873,14.193327845222944,10.579344379488155,16.21643348377402,19.041612188569342,20.074547056730637,17.12842642011415,35.10838872061702,0.09322287819602272,5480.513139204545,3188.1499335782178,0.10225086
Eu11s84cuBTiPXTAtVf9mj3GkqA2,-514.6617,56.87375,-36.677986,-5.956159,-9.394791,-9.732954,15.050613,-4.1962533,-8.8852415,3.2816765,-2.7819712,5.660843,2.8387425,0.44466498,0.39402705,0.349139,0.37062243,0.42045194,0.508863,0.6361666,0.5617227,0.5955053,0.52233094,0.45873493,0.44774655,14.95656014295809,8.399846641394923,11.299532865504045,15.400843077424677,19.419818058668923,17.28255084439864,26.93164344504994,0.07286028560729847,7512.254901960784,3562.3455724443525,0.022509057
L7S8iIPKgiO6QWLC3mGkROCMa0s1,-354.2681,123.33365,-24.616884,8.892975,-5.3953466,-23.435947,12.571096,-2.726603,-12.033296,1.8998653,-13.08873,-9.535098,1.5798492,0.37641966,0.4211383,0.4921097,0.60103947,0.52872807,0.3954913,0.36774573,0.39508536,0.423091,0.42584425,0.38583168,0.36764818,22.28448233565548,9.941622525641689,13.42515470007411,18.2983313319266,23.787561275304473,23.36592855822559,34.046720435838274,0.06763147424768519,4559.157986111111,2372.7173610898276,0.0759401
eP8gEM0KcBU6S5JpMdycX74KP3p2,-304.62592,125.6858,10.502429,15.823672,6.4142785,15.293268,11.111364,3.627197,2.4778848,2.2202866,-4.8254256,-6.2174225,-1.8285304,0.543081,0.60448825,0.5875111,0.5212535,0.4736422,0.47962955,0.48587173,0.48536083,0.5454363,0.59531516,0.60435,0.5490523,11.956296567086415,10.882677799006396,12.213373191579983,14.628414611679466,17.280399966541065,19.758451998841075,27.763606120600926,0.03517196931589537,4116.087147887324,2016.8468178063526,0.07062115
UiUUhL0PMjWVA6W2dKte1DCE6wG2,-1131.371,0.0,0.0,0.0,0.0,0.0,0.0,0.0,0.0,0.0,0.0,0.0,0.0,0.0,0.0,0.0,0.0,0.0,0.0,0.0,0.0,0.0,0.0,0.0,0.0,0.0,0.0,0.0,0.0,0.0,0.0,0.0,0.0,0.0,0.0,0.0
2TkAK2YVkYS7Ux3hAPBUgYgg9DI3,-444.61884,63.047817,-25.98376,13.71561,-12.361208,-18.059912,18.52047,-5.818244,-13.95399,-5.5602174,-15.614173,0.6371783,2.4186585,0.32413754,0.3013886,0.29202008,0.31591153,0.3696395,0.43683854,0.4844317,0.4935696,0.4096359,0.36540604,0.3534502,0.35272825,13.248958097964334,9.95631505344581,12.555354794865893,14.007908412067675,17.569378983959012,16.58953268772261,27.91748852280216,0.0819605983721865,6038.1707194533765,3353.040758266365,0.042155482
QQbzKidDxHQ0eZFEL4uG68s1lc02,-440.26425,65.02892,-3.8506713,7.476206,5.2316813,-12.918362,-1.9990301,0.38529834,-5.451687,1.3738292,-2.7898939,-11.144697,-6.7510633,0.48225078,0.4660584,0.48902848,0.5082231,0.48785073,0.42196405,0.41334823,0.4104081,0.44900078,0.48101708,0.48800063,0.47282937,18.47111448255431,9.010477778984253,12.356228426236521,16.30177976833697,17.807587683131878,18.54164006779278,22.24065341560487,0.050968828494385346,7034.380540780142,3434.081105043801,0.03259411
9ypQNsTsSQYlx72wxTLrHzzNoAJ2,-379.5466,92.315956,-60.095192,5.156363,7.197816,-15.143126,12.804021,-4.1913614,-12.1925745,-2.1237159,-5.3329453,7.3283176,-2.864461,0.47483155,0.3168502,0.27077854,0.23349972,0.23624268,0.23994839,0.27524275,0.41673726,0.5608844,0.5811048,0.6214581,0.6101597,19.905103635235154,8.877920464190705,10.117617152039124,12.758780262588212,16.436217688743557,17.87642807337903,29.416532935881428,0.08443496023069964,4861.401161037395,2811.1655044783806,0.06294889
cfZUmZvsecYVKw5eSi4qIhfJVpI3,-333.82214,110.8355,-47.97851,-2.609559,9.505727,-15.895662,4.167061,-6.1501555,-15.527734,-3.6200893,-14.837579,-9.735157,3.7448874,0.39010805,0.3930177,0.33190796,0.38485852,0.48925656,0.48199844,0.46528205,0.4289483,0.40335825,0.42420676,0.40541437,0.3767709,20.414839736689462,9.679063722130334,15.221518075430785,14.343360879323495,16.522082685946177,16.923125438639904,31.3463209103523,0.05709060968137255,4052.0137032085563,2250.234870259881,0.08237777
5ZDF98UQUxcVuS9VhaWxKlVnXvs1,-404.16425,81.0559,-22.284678,-8.816732,5.531027,-6.5328703,3.280938,2.080471,-11.463803,-10.126638,-5.218881,-1.9807222,-2.0635724,0.50694424,0.46728563,0.4386548,0.4185753,0.3723032,0.38469753,0.5576676,0.6460432,0.51149905,0.4396896,0.4864224,0.5267976,16.956664821056954,10.32017406960083,12.321506212090753,13.736812984533847,19.34171802063832,21.494298357197838,21.526364330285073,0.050624439050261094,5392.216057441253,2891.2380421261178,0.06254217
tiKv850hJFTmpCAvfJOmOOqkeUs1,-1131.371,0.0,0.0,0.0,0.0,0.0,0.0,0.0,0.0,0.0,0.0,0.0,0.0,0.0,0.0,0.0,0.0,0.0,0.0,0.0,0.0,0.0,0.0,0.0,0.0,0.0,0.0,0.0,0.0,0.0,0.0,0.0,0.0,0.0,0.0,0.0
LqGeCxef4fN4IPanKEbWkO1fAwJ3,-411.52783,110.73269,-3.0719292,-20.065357,-0.78753906,4.7474794,0.8097134,-8.8738575,-6.2646747,-2.6305063,-10.747692,-7.4314203,-1.4191691,0.32171315,0.35727692,0.33412066,0.3580797,0.42479816,0.44184914,0.45301974,0.45204225,0.47135502,0.46540305,0.3950126,0.30627465,19.160280283718752,10.656124837156069,14.743285427741199,17.596651935748685,21.925560118389082,19.66963597875218,26.07158818862017,0.04120761460302457,2833.5450141776937,1710.9990150179212,0.048317466
XUsJp0qysAPtu3vBI0UCiHRJhZ22,-428.79526,90.38309,-35.44406,6.3099804,7.5883403,-20.97732,-1.4858656,-7.2269816,-10.539059,5.0276256,-6.633789,-5.7387013,5.351251,0.33939704,0.41190547,0.49834982,0.53933644,0.54939175,0.50289917,0.49885082,0.5652869,0.51869696,0.41818526,0.37271395,0.33278435,16.765671889187388,9.28561659288383,12.401326148251778,15.251061165445355,17.898671631012647,16.07909506011097,28.88420531279848,0.07337618568087319,5407.386954261954,3009.49787311651,0.047739364
eZ9KEu3fmEgvxINqgcbkBXoEsv53,-367.8569,94.212395,-37.004265,-17.602903,6.127815,-5.34933,-0.9344486,-5.868144,-10.95561,-8.680734,-12.911325,-6.9283485,-3.79062,0.28496802,0.25394195,0.30577615,0.32834837,0.30627558,0.35003656,0.4248221,0.47740495,0.5071759,0.4907202,0.42862135,0.3431961,18.002945341287703,11.015493860640552,14.321329642742686,17.21914163087836,19.47476339576374,21.080264938248675,27.905163102835907,0.05794307656957014,5417.6682692307695,2861.810923866612,0.062395107
iq8oYXczSjPuJoVS7DBpkGNMC2p1,-250.81227,212.00894,-5.288035,-0.8084793,1.7785443,-17.172255,8.456209,-1.9786575,-12.621366,-0.8550734,-15.246946,-14.082294,3.0421917,0.4625964,0.484556,0.526814,0.58673716,0.63806665,0.62323785,0.5575055,0.51260775,0.4594608,0.4206831,0.39842275,0.42153078,19.080562279054373,9.750775601942184,12.167163626493968,15.455074604194783,19.260355801850142,18.91793078366311,33.99183830652836,0.038445895392538974,2316.815144766147,1279.892024727224,0.20342202
O4BFgxvAgwbwRGZMkMBJRFnGBbd2,-433.8243,73.04412,-18.998072,-1.4475882,-7.5966983,3.7295065,1.6202931,-2.7957942,-13.452204,-8.776345,-3.6898155,-7.0828314,-9.327894,0.40623146,0.43224624,0.43526956,0.3809304,0.36050445,0.40399268,0.4609296,0.46245685,0.44761518,0.46641585,0.48115587,0.43850383,17.989085582099513,9.042114887071325,12.683683471669136,16.996081610529096,18.095587331041123,20.81480198679622,24.2307556496334,0.06695197610294118,5446.72420726103,2940.6118070518455,0.04091102
nMIOAh7qRFf3pqbchclOLKbPDOm1,-405.33817,78.282425,-29.40764,9.163052,7.3813047,-9.205519,12.981786,-2.8005269,-14.173037,-2.3734276,-8.661043,-3.4331498,1.4679942,0.3259343,0.28262338,0.31474113,0.37397975,0.40489054,0.3996733,0.38204005,0.37982717,0.45977724,0.51584387,0.47576302,0.4284514,17.59713180850456,10.58218996885891,12.103260383815911,16.787880620086188,20.503176160086138,20.65200894191094,30.96345375711188,0.08453851744186046,5459.520348837209,2965.2960195734527,0.04927266
Pr79fov0a5TW5KPo0XACvIqMtO72,-443.2572,55.4558,1.181438,19.143665,2.378514,7.803623,-5.1389327,-7.4605513,-1.7008725,-11.182448,-3.4024942,-8.790225,-6.3755174,0.49727798,0.52150613,0.5653434,0.5581235,0.5424668,0.52922815,0.5631971,0.55967695,0.47516227,0.42116293,0.46699825,0.49770617,23.55115804463298,9.108185622244136,12.39556822074646,13.655891204057573,17.01342456588353,18.941618335149943,29.340507505822135,0.10714066590314136,6355.734620418848,3364.38575358446,0.022774866
60Ig4PmU9NMqKGDMR8Um0Tc2KXB3,-314.49957,109.110535,-51.451218,2.960352,0.19411233,-24.528837,8.477953,-4.203931,-16.324383,-10.425581,-16.58231,3.94705,4.7290955,0.34479204,0.30219427,0.31125084,0.35324425,0.38891533,0.49786317,0.5227084,0.47481173,0.41979635,0.35129276,0.36491314,0.3805907,13.740648116382497,9.486428950106907,10.851354427432394,14.331416722116233,16.905257568009564,18.2029873983356,33.84110479173604,0.06992158435639881,4890.973772321428,2670.7590668555567,0.1490273
CrlV0ddIqdbtxNnkIhtPS5dvoX42,-449.9175,70.29501,-26.910652,21.157328,-2.6441844,-18.016483,12.4936495,-8.866116,-11.925542,0.6204522,-6.1465616,5.128094,-1.2243171,0.327647,0.35254985,0.35652837,0.3557381,0.39611408,0.3573832,0.32301798,0.25910243,0.25742903,0.29446375,0.28384602,0.3271339,16.014695818482757,9.030588543082894,12.183790371323148,12.886895341639683,18.856403851284476,15.875900519864299,28.449364594009136,0.07849928799937578,5565.630852059925,3113.8058057198787,0.043055758
KL32QXSSnLZlRRT2B6rQQQKgpx12,-419.17432,96.36612,-25.276562,5.123834,-9.63717,-6.5522075,-12.69889,-4.3470054,-8.40755,-0.41324556,0.21171771,3.418593,0.81145394,0.3881431,0.39423618,0.4320752,0.5481589,0.6003363,0.55092144,0.42390966,0.47830397,0.48631686,0.5812859,0.55632246,0.41276592,17.130995783583078,8.630509571305774,12.155884377405936,14.88822510555217,17.27999005240858,18.298353545181275,23.721510081223357,0.08308041067146282,7785.071942446043,3832.77500541664,0.029206427
tOlOwYDEHCRx1QegeMOPaydVcgv1,-408.81314,65.52381,6.3634963,5.4428205,0.47538087,3.381516,-1.755535,0.09648307,-5.6335063,-7.2686663,-4.398067,-1.2797043,-4.157007,0.5575908,0.48676535,0.48305833,0.56880796,0.6195232,0.5064638,0.40357527,0.4034182,0.47521204,0.54476255,0.5334128,0.56028616,12.869133238655017,9.037214533027171,11.732661173152703,15.022019301717412,15.23644016660624,19.22052531616094,21.835745605564593,0.05235135957792208,4525.775923295455,2477.223363169242,0.06446185
zvXkuEaPb0OEgG4EHx59NqdmamR2,-1131.371,0.0,0.0,0.0,0.0,0.0,0.0,0.0,0.0,0.0,0.0,0.0,0.0,0.0,0.0,0.0,0.0,0.0,0.0,0.0,0.0,0.0,0.0,0.0,0.0,0.0,0.0,0.0,0.0,0.0,0.0,0.0,0.0,0.0,0.0,0.0
0Rlzhiz6bybk77wdLjxwy7yLDhg1,-454.2527,58.650757,-12.467456,15.924095,-0.11726596,-4.258,10.919525,-2.1800885,-1.7659786,-0.88387287,-6.3715053,1.3463475,-0.5853039,0.4893747,0.5027064,0.5240433,0.574776,0.56795645,0.5645037,0.517852,0.48942232,0.55131155,0.56808764,0.5770716,0.5071228,15.492415618768643,10.0443916226817,12.350963654408009,14.711350325965272,18.42139751575586,17.45364791019985,23.480477981407383,0.06617265866126543,10749.927662037036,4414.701843858793,0.037373282
l3umDXECeOUTZH8pFN19c2WM4m43,-376.77805,83.61811,-25.916788,15.871537,7.4617615,-17.829865,-0.09965374,-8.601031,-9.979959,-3.8672328,-12.291727,0.3588532,2.0059402,0.5007279,0.4678143,0.37893513,0.36954606,0.37211773,0.3655322,0.3547351,0.39670375,0.522822,0.55135494,0.50941426,0.48388922,16.814039883128327,8.193717644638568,11.61916549751417,13.53003048854493,16.43934862862237,18.02449685998047,31.596907175439473,0.06317959989281002,5621.691540237467,3042.4327722926014,0.08745745
XVjp63ocWZRqJRdxCtklUfmdklm2,-365.67474,109.6504,-31.592688,-3.8849723,8.997411,-11.855657,2.0063345,0.82090497,-7.009011,-5.11594,-8.876006,-1.4069483,1.531063,0.5154855,0.49435595,0.5148297,0.55944955,0.5685049,0.5635271,0.56225055,0.58988136,0.60136425,0.62875015,0.5585677,0.51768273,17.618828579466808,7.996939203158761,10.779781906456371,13.244130814170262,17.042425535150144,19.521428002430014,28.59928122513392,0.0629776856351718,4201.288426763111,2382.614947804928,0.07307207
JmN2KXZoEThB2e8KFMbM7L4fOwy1,-369.06342,98.299576,-43.52949,-8.88383,10.536782,-5.437545,5.248115,-4.8929853,-15.080965,-13.006061,-16.910725,-5.6150455,-0.37057468,0.4061419,0.36717862,0.36318004,0.41776177,0.45063075,0.38452902,0.39983144,0.4291409,0.40974328,0.38568634,0.43322363,0.45075437,16.164508371779576,11.02312322796782,13.98822373862431,17.31637460185912,18.555629116593256,18.84995232571453,27.208609083291496,0.051608027783795495,5658.957972270364,2838.9857508151003,0.10960343
SY4Ekt5W4VZdeIm5r3iLmjxz9pA2,-415.52744,61.185642,5.8463683,-7.888313,-0.41915107,-3.0663176,-10.801003,-13.711945,-12.388076,-10.467835,-8.080229,-5.084495,-4.596981,0.44064313,0.34231815,0.2690152,0.2431831,0.27242044,0.2951165,0.28356034,0.2620492,0.2631719,0.3547711,0.57296586,0.5312522,15.2496916256067,11.785661389573741,16.393233036910964,17.25863411689096,21.816999213788673,18.398268762483884,19.99098215033718,0.031059337797619047,5470.357142857143,2656.2246695345434,0.06988602
1ctsxp37dWNbCbizTioZzpAWqJx2,-311.98688,68.999146,-31.86832,9.100968,-22.195452,16.7077,2.1674993,-14.56778,-25.053051,-0.554269,0.3822098,-1.0318662,-1.9931976,0.45254913,0.46819642,0.4044427,0.32694378,0.32319507,0.41614342,0.4633458,0.5085328,0.52587414,0.5153679,0.44920734,0.4126517,20.70970370343431,9.559855284564609,13.056657640327584,16.30956909845779,20.000634885173408,18.10720356003438,33.60637059423771,0.11304877479735495,7078.360724856016,3807.5534012047647,0.07591422
2XgDqzQkqLX9SbmSHfbqdRxSmRD2,-1131.371,0.0,0.0,0.0,0.0,0.0,0.0,0.0,0.0,0.0,0.0,0.0,0.0,0.0,0.0,0.0,0.0,0.0,0.0,0.0,0.0,0.0,0.0,0.0,0.0,0.0,0.0,0.0,0.0,0.0,0.0,0.0,0.0,0.0,0.0,0.0
kIHldMnyvmXvpLq0LjWr7ecclSj2,-329.3645,89.9197,-2.6525729,-1.7970657,-14.805305,-5.655912,-6.9969535,-8.025014,-1.0795686,-12.275977,-12.811275,-5.6786027,-5.2657228,0.5807548,0.5420144,0.5775178,0.5686736,0.54444456,0.5199768,0.53240037,0.5404102,0.584309,0.5661949,0.64517283,0.6400992,25.009850604968623,7.984056796990116,10.4233334593385,12.946995754874443,15.60741822122031,18.153476994376298,32.7022365549336,0.07288560551844783,4952.468988549618,2602.9310820692717,0.054683007
AI4aa1tjlXQw4iOH4RuTvgMtK3G3,-420.64194,109.69065,-35.476418,9.288244,7.952929,-19.449656,6.189612,-8.187545,-19.754625,0.24666281,-5.8806343,-4.020195,2.9315171,0.34917378,0.33351108,0.35006192,0.40112934,0.38466403,0.37939146,0.42399538,0.48128626,0.5350237,0.5448196,0.47579357,0.38525605,16.87478696611986,8.189880489086011,10.841156960091427,12.826157958125757,15.32818273839576,15.13050556905689,27.842649759141093,0.049653705797697366,4579.461348684211,2403.3703128280745,0.05893041
U98J2q0NnycYzzUS2BYZpUa55X83,-1131.371,0.0,0.0,0.0,0.0,0.0,0.0,0.0,0.0,0.0,0.0,0.0,0.0,0.0,0.0,0.0,0.0,0.0,0.0,0.0,0.0,0.0,0.0,0.0,0.0,0.0,0.0,0.0,0.0,0.0,0.0,0.0,0.0,0.0,0.0,0.0
NWqfdBx5mrglkG4TJ5Gt9mVnYOo2,-430.40698,108.59977,-24.080584,-11.540723,-6.440242,-21.31494,-2.2622943,1.2218491,-5.456147,-9.0034685,-17.6569,-11.285373,-6.81299,0.36971387,0.4267576,0.52405703,0.4998008,0.36736077,0.3201043,0.31580994,0.34024838,0.37406057,0.39901307,0.36080432,0.3508678,20.095694523159146,9.078779495505637,10.960031151200877,13.847595540011804,16.168251089156254,17.91748632939647,26.3863141126649,0.043754489942528736,3315.1939655172414,1796.6512704578493,0.04946389
KGWBaTNrJmUgzGZw5Xh2ICSHVu92,-450.53558,69.26114,-22.146626,-1.7248609,-1.1805137,-16.299147,-2.5874643,-5.1458783,-9.737479,-3.9817255,-4.1517024,0.79495317,1.0101403,0.41336977,0.4289718,0.4692647,0.5094197,0.53229487,0.66572064,0.5892993,0.4454662,0.4261625,0.41583586,0.43738782,0.47014582,17.420422522661152,9.921282849258128,12.66190780919708,14.817187259055801,16.34413346327237,18.250630924059273,26.34280248270038,0.06911237052317416,4524.951720505618,2582.888637476283,0.035332642
mFQ65xqfxpXiS6vwK1HKwq7j8o62,-486.42972,54.227863,42.0505,26.924292,13.503199,4.47583,0.043015894,-1.2591296,-1.2801718,-1.2816713,-1.6314077,-2.1260207,-2.5356386,0.29213586,0.31330717,0.33693,0.3462383,0.34672466,0.33633924,0.3359283,0.35023236,0.36439872,0.34619424,0.32626492,0.30825147,14.189661443420299,8.6298281196947,11.122381856904509,12.826603173683946,11.10816715664829,11.327128184127446,11.676871365834517,0.004640740863347458,2575.244968220339,1249.3431052600858,0.046445522
9XJ2QSvS9CaIo5hSyRZcdst0K8P2,-267.72797,142.03487,-50.820114,19.866346,7.585459,-15.006353,30.256632,-11.31997,-32.220432,-4.9169903,-23.086794,-19.610275,-6.9312186,0.34799615,0.39452666,0.3725814,0.36157838,0.4288775,0.49477983,0.5794503,0.4991819,0.42665526,0.33181357,0.2683083,0.28439978,26.54702340169146,14.35009614226226,16.842858461382832,18.13019398388275,23.37286934713731,20.502632847949485,40.69172580029148,0.06207856677827381,4585.239955357143,2240.760886790932,0.1279993
n7ewrIqB7wUuK1FZGGjef18jtb52,-342.7456,53.9948,-11.479682,19.315987,-6.983361,7.1056223,-6.619777,-16.99926,-6.0244966,-16.125586,-4.427877,-0.7545589,-1.1836318,0.432216,0.3689249,0.3471958,0.39272672,0.4924449,0.5334731,0.52762324,0.4995992,0.46312892,0.4570948,0.43588156,0.45357782,21.611425064630925,9.147471035516133,12.97826363111483,14.807721242492567,17.582927115917045,18.305925768184448,33.6375302084745,0.10116443452380952,6961.517857142857,3494.3919915260026,0.0647807
5le68NJRZWV6TrMTYn3j7gSlqTi2,-360.2447,105.40089,-11.441428,3.042019,-1.3123165,-15.51816,5.877471,5.4524846,0.42731345,0.315824,-3.82543,5.6720967,-4.1400084,0.4726446,0.47097868,0.449064,0.40342787,0.38165826,0.37047878,0.3819961,0.4059153,0.47409827,0.56498253,0.56260145,0.5315636,15.138607003155643,12.507804258275442,14.316865341417486,16.686453885138082,20.220120064176445,20.287636561218783,31.48967969066506,0.03894376899696048,3462.2672872340427,1926.2773064208502,0.07803466
qHN6U03r3TRKVZ83fmWDDQvtDuz1,-379.10953,76.219536,-20.041014,21.276405,13.369989,-9.836722,8.786841,-7.4885178,-15.5275755,-0.44897705,-10.51881,-9.782777,0.3334761,0.40393803,0.44652426,0.5193574,0.60448664,0.6343542,0.6468481,0.66833746,0.5462357,0.4839089,0.43441448,0.41020942,0.389294,17.132491003487292,8.877039103040884,12.7043010283264,14.27425768668976,15.850566204599113,17.148702546283314,30.226541115516316,0.09420251542595541,6906.411723726114,3612.4541566537755,0.078824155
1AuoEhB8vAfCtxTFFV0W916yBqA3,-377.0521,107.839935,-15.290697,6.120123,2.7370346,-3.2921484,17.39138,-4.6905584,-12.207738,-0.1022471,-9.619652,-2.9754024,1.5817205,0.49161634,0.5462765,0.5435867,0.6240543,0.63333726,0.48214042,0.42207548,0.4132166,0.46849835,0.5457669,0.5968321,0.52518904,16.020756255889847,9.044275402688875,12.781811552996814,14.6628379086468,18.712516757153356,16.322869822217715,34.281475569941094,0.0685739228219697,4618.785511363636,2332.22878725648,0.041316062
w1TDsR75t5PsGyAksqF3kMQ6DXT2,-463.6433,57.976585,-6.8336606,14.015605,-3.4813945,-13.007714,5.280463,-6.3318453,-4.410144,1.3383912,-11.357165,-1.8117723,4.1287885,0.34243488,0.34355566,0.37822574,0.37614504,0.38835353,0.40654936,0.40820432,0.38711703,0.39893997,0.39955977,0.36888325,0.35941008,12.08057236299512,7.007298151548947,9.080498439692802,11.611161640536894,13.335967935234835,13.858985011425265,22.638803858143888,0.04478500246062992,6495.989173228347,3273.3354487841802,0.048632734
VcmjCfW6ddgE9lFhDXTO6hDlb452,-309.09793,129.17563,-44.362595,2.197237,-9.244549,-1.478723,0.7545251,-20.858685,-6.067233,-10.052164,-16.490868,-11.484476,-10.942856,0.36047432,0.3301359,0.36562744,0.5192226,0.7370682,0.64149594,0.49865273,0.52152693,0.4897516,0.42527196,0.39786565,0.38331807,28.119620728471702,9.900803092156549,13.837624781622528,14.053222054327733,15.69950337426978,17.097487692656454,31.73303953427205,0.07645706581858407,4425.168521847345,2470.514732626801,0.05314414
maTMkkXbqOhLPOYLpGyMPPigDFt1,-352.10443,96.255356,-29.258606,-1.3128287,-2.1843674,-12.6490965,7.8821654,-10.281213,-15.949093,-2.7749894,-12.882019,-8.660753,-2.8074343,0.49745372,0.5710501,0.5957906,0.4859945,0.4471371,0.411681,0.3752696,0.36608356,0.35159537,0.34308174,0.3422744,0.40970367,19.474988816798483,11.76153796667914,13.392761015214752,14.742816867686447,18.661862253930444,18.150905809540365,33.274451659452474,0.06655313791322313,4718.452995867769,2559.34641057068,0.07544334
UV965HIG9saPO9HjKNFSm2aFeBt2,-433.84204,54.095997,-18.335041,8.808719,11.832165,-1.9315017,12.096913,5.934558,-4.247316,-1.029502,-8.895324,-8.406444,1.0381442,0.28242797,0.29583633,0.3769394,0.43160424,0.36395594,0.26964855,0.2919425,0.2776301,0.27008462,0.2605486,0.23331717,0.26276407,17.2133068982252,11.587123551443307,11.893674587612155,15.31220879632017,16.894384747757027,16.85323983374866,22.5719457954941,0.040635744106090374,4129.144155206287,2181.0658201881583,0.044660144
LwfZvk9xa6bAJbz4wQGEcyoDOmL2,-317.31253,56.769447,1.7166008,50.165802,-37.593,2.8868527,-0.9645177,0.32913435,11.047243,-9.523184,-0.26900667,-0.59677297,2.124624,0.6305937,0.7523629,0.60088867,0.4127916,0.380936,0.40422428,0.41358635,0.42077908,0.47296914,0.44698516,0.44714203,0.5399777,10.931051595239046,9.563645446999738,12.214376558730569,16.270174378714856,18.20336572599667,17.058744972507874,39.38688055436696,0.20061634543413173,9299.30763473054,5523.874040267421,0.06585893
V247RjX91RY4fxtgfeWjvBhg89s2,-354.65906,123.91948,-4.3828564,22.497034,10.616342,-12.396568,11.850206,9.536515,4.9325895,-0.11011695,-15.562056,0.5360767,7.090718,0.55204195,0.5729076,0.5811037,0.5069947,0.48934814,0.4876157,0.41051883,0.35365012,0.37006822,0.46150535,0.6008579,0.5898125,21.88886658014646,12.221325117458946,12.696864994812877,16.312341317488013,18.21959254585683,19.508728657894306,30.257704394960513,0.037440062830687834,2921.316964285714,1626.6545720723057,0.1116793
g6L8s5Dtq8eIYUTeRWHq0Q7w5L32,-414.29813,112.258575,-40.358166,-6.7743936,-17.522036,-19.406717,3.591007,-18.488338,-16.190813,-2.7664618,-6.9654965,4.798095,-4.884755,0.43113568,0.35673028,0.36626962,0.41208044,0.33244622,0.30039454,0.34075245,0.4825991,0.5250511,0.48497453,0.49415776,0.4832164,18.195726965560855,10.245763299042371,13.566790449062346,15.906694934529257,21.052540034383515,18.849629097857104,25.110063180222507,0.07121527777777778,6422.395833333333,3285.5179671050255,0.044475727
Eoyf44CUffgVCPPjJJkopEyAO7k2,-397.16263,70.999344,-48.33857,1.8893857,9.726404,-13.650458,3.231978,-5.27322,-9.910822,-1.1063943,-11.700727,-8.117938,-1.6180168,0.5122353,0.64153856,0.6055632,0.50700563,0.40708205,0.3893079,0.38420862,0.32914287,0.30252323,0.35157946,0.43402392,0.43097433,15.43605844249887,9.780799809706787,11.44796431902662,13.667521223795449,17.43209737542792,17.494491852700538,26.790766504312423,0.08364328872141372,8097.193347193347,4033.708787656296,0.06423963
VrBIdIVnQkPbR9D2Gi7WCb17ST62,-381.9152,82.79819,-27.938324,26.835346,-4.793504,-11.738392,27.423191,-12.922562,-9.649677,13.646014,-16.062263,1.3032885,15.202687,0.36998683,0.3787585,0.3744386,0.36523435,0.571795,0.60318106,0.57962185,0.5656645,0.55184036,0.48718894,0.43207067,0.40128723,13.529979691637218,8.495900329939591,12.642057168764046,14.656722459518322,17.05366512072779,21.067770977231874,38.142339332652085,0.12387917258522728,6360.182076446281,3749.61427203488,0.06737432
aGEXEhp3mbUandZBtCuEooDQrK53,-402.6376,101.7272,-46.29749,-3.6143656,10.090352,-12.601305,-5.905844,-19.165106,-16.878185,-6.224357,-15.743287,-7.990528,-8.678308,0.47268873,0.4887539,0.44198316,0.3359476,0.2681481,0.30403683,0.34689283,0.3949142,0.53531224,0.4947938,0.3864564,0.41142035,19.73641616386241,11.608423311127188,13.183468524408145,13.89462600033613,16.852205451019724,19.467219585735798,30.266145227400013,0.06645350302419355,4112.903225806452,2302.555674041476,0.044910554
tFFUbYL9nSNEyaBK3w9UAtATcgO2,-442.462,81.835495,-15.514729,12.273746,-2.1195111,-14.5348835,8.459241,-6.5564904,-7.8335433,1.3039976,-12.819674,-4.1545887,1.8541534,0.32970205,0.34456512,0.3519325,0.34847957,0.36062473,0.40423456,0.4353238,0.4563222,0.4887701,0.40588427,0.33397856,0.31923097,14.665230378528042,8.23119744696319,10.935849546370303,12.750266795328042,15.462692209145706,15.601199475550414,26.619201847843563,0.07152123034381663,5380.3804637526655,3057.030714103834,0.05791202
hRB1GYdlKAgCnwg4xFzAUE3SiUG2,-355.17316,110.18007,-51.331554,-4.472917,11.110097,-21.646587,3.2393377,1.9571154,-18.098015,-5.474971,-6.966979,-10.631215,-1.7982256,0.45104715,0.41266644,0.42084616,0.5332914,0.56423193,0.42646897,0.40203384,0.4160894,0.48317236,0.4998346,0.46432975,0.5184609,24.09025574755928,9.535857287652233,12.13356098471719,14.543635754512625,17.757285679478485,19.17625476818803,30.542628430765916,0.08699338244989452,4383.208069620253,2508.1744238992223,0.057631336
6MmSmB1lmmOiyKNNA0p7IuVe3CA3,-407.9851,101.7418,-7.830462,19.884605,-10.533325,-21.943666,16.64734,-10.015333,-20.223759,-0.2765811,-14.365839,-6.551985,4.194172,0.42174715,0.4014086,0.38653016,0.43192473,0.45503372,0.4477332,0.50301623,0.4017205,0.37686557,0.44226754,0.46167684,0.4506466,23.98011851485736,11.313794432692553,13.870400914180813,16.987716413635834,22.10590405009044,20.7808350365642,32.41605336888781,0.08726612383349705,4780.467215127702,2672.42687314235,0.031238694
9D1go0wkvuPkFebFk4uQQpcBuZw1,-280.1589,94.41416,-24.724754,-2.044789,-1.553533,-0.39789742,-14.288546,-1.4957473,-3.967642,-9.929077,-17.853384,-6.0465975,-2.5862174,0.31584775,0.37762806,0.41197625,0.49785984,0.51063806,0.5209992,0.3996461,0.33465013,0.3013173,0.3170296,0.341011,0.27930087,15.992493476765283,9.148831714783752,13.14846895266704,17.109861107833932,19.18547491103863,22.509333016468535,25.433605976028403,0.07811475633741259,5596.80944055944,3183.837457443293,0.120899886
O2axQgHDogQ1mORlKYAGiPTiHvB3,-465.65945,78.50093,-49.59179,7.3179197,11.617168,-16.341213,3.5226789,-7.6006293,-13.427141,1.4780763,-4.763426,-0.6318175,2.6259606,0.42230946,0.3618867,0.380624,0.38130248,0.36559966,0.36348504,0.4463936,0.5198712,0.4596328,0.3857553,0.3782308,0.4297783,13.237839057315526,7.933796089996608,10.730536512685905,14.170890048035,15.241585604673926,16.308580963782536,27.677296325377757,0.08569142175099206,4931.640625,2849.236147554526,0.027624995
wawUd75qJgXdQz6qxRATEzuKvMn1,-387.0479,58.6045,-13.312731,15.520486,-0.22615476,-10.889019,16.308887,-0.99292535,-13.482349,2.6474466,-1.525266,-5.164407,-1.2847443,0.5091023,0.56041217,0.52120596,0.5145947,0.4950054,0.45901564,0.41864267,0.4176869,0.48209134,0.52259135,0.5018145,0.48567975,15.78302523612977,10.004362846534962,11.262222261473653,13.149957357636804,18.033512015970377,17.421997440904523,27.261685505164117,0.06912423972315436,7597.273489932886,3947.668557237029,0.071074285
n4t5cgNQKXO3F8KP55vWOgYWcXC3,-406.7193,74.45113,-31.069231,17.37345,-6.524959,-18.523146,20.486746,-7.710961,-17.573708,2.7520235,-9.528617,-1.9303774,6.335282,0.4385543,0.4037075,0.41924462,0.4673361,0.57710296,0.65886194,0.62979746,0.49014655,0.4024989,0.4442297,0.46600723,0.48580235,17.51880864214255,8.866788726637129,11.424964462809598,14.130605483191092,17.6243053420182,17.38797121146219,32.44409477855173,0.11756226937269372,6892.4411900369005,3829.2875481281153,0.053602543
CAf8ILsDpQMeTPPLwi7nFlgRT2t1,-410.80096,88.460655,-39.02054,-2.7847219,-1.7707897,-13.268764,8.909778,-6.261294,-9.242864,-0.4765117,-14.756273,-5.1297784,5.497099,0.32721728,0.37264565,0.42473292,0.45732304,0.47678238,0.50365144,0.45921525,0.42610008,0.37353683,0.3131679,0.29074305,0.2875337,17.79681823828574,9.606800100046124,11.094008637152903,13.198022602332882,15.295433610580046,16.44531313823667,26.592716313812673,0.044710783979257644,5307.826146288209,2795.3297898892615,0.08194629
l8qDG3sN6tczDZGHbgPje0suopx1,-466.12183,72.97527,-16.520605,17.37817,8.304088,-6.7327924,14.929203,-4.3411613,-14.824348,0.55946547,-6.817159,-5.394974,0.8147732,0.4256286,0.3395931,0.32886592,0.3384425,0.3623049,0.4106414,0.4801761,0.5076435,0.50578976,0.48000285,0.45916706,0.47883725,16.462438067525483,9.397216276925652,11.665965377556503,12.783249808052126,15.614740055819706,14.870838101702688,26.526991788069694,0.04217888327205882,5532.71484375,2761.837848668401,0.035680912
U7UmNZmqS6OWTiDkM7IfqkDRrae2,-336.3849,126.6279,-22.500027,18.271997,18.433945,-0.7186709,21.985249,-1.220316,-14.951497,-1.142597,-10.789775,-6.011467,1.9782279,0.4672918,0.45637488,0.52767485,0.5772934,0.5451363,0.56041884,0.571234,0.5426959,0.51462674,0.5478812,0.5289887,0.47490594,15.533750089684048,9.025993193963286,12.284073451280985,15.778441406884026,18.888611632768242,18.63583122051935,35.119502186933516,0.052330181323385516,3510.6256115459882,1908.845974539004,0.099761456
G3iIP9QRHPTItOsK6lpEMd6IQKw1,-434.88885,62.05291,-22.937435,-4.7517004,-3.5546653,-10.47613,2.4505894,-7.446661,-12.440793,-9.248738,-12.904448,0.85458493,7.6463876,0.3942762,0.45257798,0.50062513,0.45248622,0.4091379,0.48225525,0.5678285,0.51973593,0.44016233,0.41790906,0.41526636,0.39820027,13.615467598231394,9.080615456007427,11.991689878344182,14.460129834036147,15.928158548186476,16.015026703472465,24.79511271400393,0.03809344951923077,6894.0504807692305,3321.4134870478056,0.061160788
jRjAYMmAQee5uVm5fU8yVnpuvs33,-371.70706,98.35881,-5.07542,16.407606,-30.147436,-34.56289,5.500394,-11.367716,0.12132153,5.378873,-15.532597,0.053756557,-3.811622,0.3871946,0.33878976,0.3168941,0.30879134,0.32975003,0.3659293,0.38549414,0.46183613,0.51708114,0.48025534,0.48844934,0.44141966,16.504528522070576,8.895929662222706,11.766261608031602,19.402481291690684,17.412190965133856,22.318466155839804,36.085036823842096,0.10107988180573453,4956.771315741785,2628.09396711949,0.07220603
0zexHIcM7tQDdnFiEj2Eb0v3g212,-349.11185,91.92856,-16.525896,-5.9497414,-6.223473,-1.5983769,1.6204773,-6.4197097,-10.53317,-6.2637405,-9.927549,-7.1668286,-3.0521743,0.5008161,0.5118711,0.5326545,0.5608213,0.5761276,0.62702614,0.63145167,0.58267397,0.5574181,0.5182162,0.4906894,0.48833326,17.816247870252408,8.751859883460492,11.15085608900315,12.743943563437266,17.948180686089295,15.301228661027825,19.57336298869121,0.031100955348782773,6979.371488764045,3445.3196612352067,0.11031824
uMry1yqi5sNoykw7ySJdITMv2yT2,-353.33334,129.66777,-34.68157,-0.29229736,-22.348555,-40.71622,10.889807,0.68344706,-17.105587,-13.573498,-27.869158,-6.7875443,12.819807,0.33949935,0.38202295,0.38213438,0.3627732,0.407438,0.48449022,0.39969513,0.31921497,0.31007412,0.27610996,0.26920685,0.25673476,18.182846720188472,10.795695522582799,13.952160038928476,17.32771996239123,20.2600169233219,18.450235697033694,34.76760704836283,0.05910057357594937,3979.628164556962,2140.359895143733,0.075252466
3VWhvtBFHKMgEKxlXzMYeg5NeBN2,-407.74783,58.490242,22.526667,1.447741,-0.08376333,5.293835,7.5883646,1.4622493,3.0555089,1.1851121,1.7754468,-1.8077686,2.5580788,0.54771775,0.5085197,0.41534668,0.4244494,0.45205048,0.47778293,0.55586857,0.55827206,0.5273452,0.5266057,0.5564465,0.5525567,10.105111283666352,9.18663720599551,12.786645091760741,14.299961077166913,17.531721207058247,15.671214336632906,15.975708905738125,0.19484731746879105,19492.57761169514,8656.976610032118,0.030380871
xyDgyXrDoyXu5CFqcNe20LRjYqg1,-380.93793,74.814735,-25.876118,2.4737477,6.7825933,-4.498157,3.0781138,-11.245912,-11.856245,-5.579336,-9.841022,0.36026105,-1.8001384,0.40534472,0.3315031,0.27990294,0.25973353,0.27289164,0.30478862,0.3214309,0.31735885,0.31715214,0.3434408,0.33652624,0.357089,15.751801627327467,9.560775885132319,11.605227892656044,12.790915008566827,15.548440952407587,16.577643693654117,25.27508692135312,0.05071085705091533,3592.4270594965674,2100.745771804688,0.07855969
FLhjsgqrgQMKwNt5iEryxG5sDlW2,-324.6125,56.309315,3.9188588,-1.7725873,3.4813006,-4.330475,1.3719388,0.58031243,-20.53033,-3.3864408,-17.205406,-1.6241761,-10.07025,0.37762922,0.42273125,0.40066615,0.36380425,0.35834935,0.45784414,0.43543646,0.36507618,0.3734413,0.41675597,0.46664584,0.4119546,19.719249981828295,10.423770897489177,14.82736922497352,15.015995976486451,17.13689064057239,20.675984736371454,26.607205899801233,0.09362467113706366,10888.637785549281,5030.525099082751,0.0816921
